-- --------------------------------------------------------
-- Host:                         127.0.0.1
-- Server version:               10.1.36-MariaDB - mariadb.org binary distribution
-- Server OS:                    Win32
-- HeidiSQL Version:             9.5.0.5196
-- --------------------------------------------------------

/*!40101 SET @OLD_CHARACTER_SET_CLIENT=@@CHARACTER_SET_CLIENT */;
/*!40101 SET NAMES utf8 */;
/*!50503 SET NAMES utf8mb4 */;
/*!40014 SET @OLD_FOREIGN_KEY_CHECKS=@@FOREIGN_KEY_CHECKS, FOREIGN_KEY_CHECKS=0 */;
/*!40101 SET @OLD_SQL_MODE=@@SQL_MODE, SQL_MODE='NO_AUTO_VALUE_ON_ZERO' */;


-- Dumping database structure for rupp_project
CREATE DATABASE IF NOT EXISTS `rupp_project` /*!40100 DEFAULT CHARACTER SET utf8mb4 */;
USE `rupp_project`;

-- Dumping structure for table rupp_project.books
CREATE TABLE IF NOT EXISTS `books` (
  `id` int(11) NOT NULL AUTO_INCREMENT,
  `isbn` varchar(50) DEFAULT '0',
  `title` varchar(50) DEFAULT '0',
  `image` varchar(200) DEFAULT '0',
  `qty` int(10) DEFAULT '0',
  `numBorrow` int(10) DEFAULT '0',
  `bookInStock` int(10) DEFAULT '0',
  `price` double DEFAULT '0',
  `author` varchar(50) DEFAULT '0',
  `edition` int(5) DEFAULT '0',
  PRIMARY KEY (`id`)
) ENGINE=InnoDB AUTO_INCREMENT=25 DEFAULT CHARSET=latin1;

-- Dumping data for table rupp_project.books: ~8 rows (approximately)
DELETE FROM `books`;
/*!40000 ALTER TABLE `books` DISABLE KEYS */;
INSERT INTO `books` (`id`, `isbn`, `title`, `image`, `qty`, `numBorrow`, `bookInStock`, `price`, `author`, `edition`) VALUES
	(14, '001', 'Book Gif', '2019_Feb_25_09_41_54book.gif', 122, 31, 91, 12.21, 'ny', 3),
	(15, '002', 'Java', '2019_Mar_02_03_11_43java.jpg', 5, 2, 3, 30.12, 'Hebert Shilda', 7),
	(17, '004', 'C Sharp', '2019_Mar_02_03_14_37c#.jpg', 4, 0, 4, 89.9, 'Herbert Schildt', 3),
	(19, '003', 'Javascript', '2019_Mar_02_03_22_15js.jpg', 4, 0, 4, 40.54, 'Murach', 2),
	(21, '006', 'Phyton', '2019_Mar_02_03_39_49phyton.jpg', 9, 0, 9, 67.76, 'Murach', 1),
	(22, '007', 'PHP and SQL', '2019_Mar_02_03_59_38sql.jpg', 5, 3, 2, 98.9, 'Murach', 1),
	(23, '009', 'IN', '2019_Mar_02_03_26_44internet-usage.jpg', 9, 3, 6, 9.1, 'fafa', 1),
	(24, '0010', 'Internet', '2019_Mar_02_03_38_47300px-InternetUsersWorldMap.svg.png', 2, 1, 1, 2.1, 'dont know', 1);
/*!40000 ALTER TABLE `books` ENABLE KEYS */;

-- Dumping structure for table rupp_project.borrows
CREATE TABLE IF NOT EXISTS `borrows` (
  `id` int(11) NOT NULL AUTO_INCREMENT,
  `student_id` varchar(50) NOT NULL DEFAULT '0',
  `studentName` varchar(50) NOT NULL DEFAULT '0',
  `studentCurrentPhone` varchar(255) DEFAULT '0',
  `book_id` int(11) DEFAULT '0',
  `bookISBN` varchar(255) NOT NULL DEFAULT '0',
  `borrowQTY` tinyint(2) NOT NULL DEFAULT '0',
  `borrowedDate` varchar(50) DEFAULT '0',
  `returnDate` varchar(50) DEFAULT '0',
  `overDays` int(3) DEFAULT '0',
  `fine` int(11) DEFAULT '0',
  `status_removed` tinyint(1) DEFAULT '0',
  PRIMARY KEY (`id`)
) ENGINE=InnoDB AUTO_INCREMENT=67 DEFAULT CHARSET=utf8mb4;

-- Dumping data for table rupp_project.borrows: ~3 rows (approximately)
DELETE FROM `borrows`;
/*!40000 ALTER TABLE `borrows` DISABLE KEYS */;
INSERT INTO `borrows` (`id`, `student_id`, `studentName`, `studentCurrentPhone`, `book_id`, `bookISBN`, `borrowQTY`, `borrowedDate`, `returnDate`, `overDays`, `fine`, `status_removed`) VALUES
	(29, '003', 'siekny', '098765432', 14, '001', 3, 'Mar-02-2019', 'Mar-03-2019', 0, 0, 1),
	(30, '001', 'siekny', '012345678', 17, '004', 2, 'Feb-20-2019', 'Mar-04-2019', 5, 5000, 1),
	(63, '002', 'yaya', '098765432', 22, '007', 3, 'Mar-04-2019', '0', 0, 0, 1),
	(65, '004', 'kaka', '098767809', 24, '0010', 1, 'Mar-04-2019', '0', 0, 0, 1),
	(66, '005', 'lala', '010101010', 23, '009', 3, 'Mar-04-2019', '0', 0, 0, 1);
/*!40000 ALTER TABLE `borrows` ENABLE KEYS */;

-- Dumping structure for table rupp_project.users
CREATE TABLE IF NOT EXISTS `users` (
  `id` int(11) NOT NULL AUTO_INCREMENT,
  `fullname` varchar(50) DEFAULT NULL,
  `username` varchar(50) DEFAULT NULL,
  `password` varchar(50) DEFAULT NULL,
  `sex` varchar(10) DEFAULT NULL,
  `address` varchar(50) DEFAULT NULL,
  `email` varchar(50) DEFAULT NULL,
  `phone` varchar(15) DEFAULT NULL,
  `dateofbirth` varchar(15) DEFAULT NULL,
  `dateofmembership` varchar(50) DEFAULT NULL,
  `status` int(11) DEFAULT NULL,
  PRIMARY KEY (`id`)
) ENGINE=InnoDB AUTO_INCREMENT=5 DEFAULT CHARSET=latin1;

-- Dumping data for table rupp_project.users: ~4 rows (approximately)
DELETE FROM `users`;
/*!40000 ALTER TABLE `users` DISABLE KEYS */;
INSERT INTO `users` (`id`, `fullname`, `username`, `password`, `sex`, `address`, `email`, `phone`, `dateofbirth`, `dateofmembership`, `status`) VALUES
	(1, 'five remji', 'Sword', 'sword123', 'M', 'Phnom Penh', 'fiveremji@gmail.com', '012121212', '01-01-2000', '20-12-2000', 1),
	(2, 'leng', 'Akame', '123', 'M', 'Phnom Penh', 'leng@gmail.com', '012121212', '01-01-2000', '12-12-1999', 1),
	(3, 'lenge', 'BoyBoy', '123', 'M', 'Phnom Penh', 'leng@gmail.com', '012121212', '01-01-2000', '10-10-2010', 2),
	(4, 'abc', 'Abcmaan', '123', 'F', 'Phnom Penh', 'abc@yahoo.com', '012345678', '11-11-1991', '11-11-2011', 2);
/*!40000 ALTER TABLE `users` ENABLE KEYS */;

-- Dumping structure for table rupp_project.users_info
CREATE TABLE IF NOT EXISTS `users_info` (
  `id` int(11) NOT NULL AUTO_INCREMENT,
  `userid` int(11) DEFAULT '0',
  `date` varchar(50) DEFAULT '0',
  `action` varchar(50) DEFAULT '0',
  PRIMARY KEY (`id`)
) ENGINE=MyISAM AUTO_INCREMENT=320 DEFAULT CHARSET=utf8mb4;

-- Dumping data for table rupp_project.users_info: 317 rows
DELETE FROM `users_info`;
/*!40000 ALTER TABLE `users_info` DISABLE KEYS */;
INSERT INTO `users_info` (`id`, `userid`, `date`, `action`) VALUES
	(1, 1, '24-02-2019 / 22:21', 'Log-In'),
	(2, 1, '24-02-2019 / 22:21', 'Log-Out'),
	(3, 1, '24-02-2019 / 22:27', 'Log-In'),
	(4, 1, '24-02-2019 / 22:27', 'Log-Out'),
	(5, 2, '24-02-2019 / 22:28', 'Log-In'),
	(6, 2, '24-02-2019 / 22:32', 'Log-In'),
	(7, 2, '24-02-2019 / 22:33', 'Log-Out'),
	(8, 1, '24-02-2019 / 22:38', 'Log-In'),
	(9, 1, '24-02-2019 / 22:38', 'Log-Out'),
	(10, 2, '24-02-2019 / 22:39', 'Log-In'),
	(11, 2, '24-02-2019 / 22:40', 'Log-Out'),
	(12, 4, '25-02-2019 / 20:45', 'Log-In'),
	(13, 4, '25-02-2019 / 20:45', 'Log-Out'),
	(14, 1, '25-02-2019 / 20:46', 'Log-In'),
	(15, 4, '25-02-2019 / 20:53', 'Log-In'),
	(16, 4, '25-02-2019 / 21:02', 'Log-In'),
	(17, 4, '25-02-2019 / 21:05', 'Log-In'),
	(18, 4, '25-02-2019 / 21:27', 'Log-Out'),
	(19, 1, '25-02-2019 / 21:27', 'Log-In'),
	(20, 1, '25-02-2019 / 21:29', 'Log-Out'),
	(21, 4, '25-02-2019 / 21:29', 'Log-In'),
	(22, 4, '25-02-2019 / 21:29', 'Log-Out'),
	(23, 1, '25-02-2019 / 21:30', 'Log-In'),
	(24, 1, '25-02-2019 / 21:30', 'Log-Out'),
	(25, 4, '25-02-2019 / 21:30', 'Log-In'),
	(26, 4, '25-02-2019 / 21:30', 'Log-Out'),
	(27, 1, '25-02-2019 / 21:30', 'Log-In'),
	(28, 1, '25-02-2019 / 21:30', 'Log-Out'),
	(29, 4, '25-02-2019 / 21:30', 'Log-In'),
	(30, 1, '25-02-2019 / 21:35', 'Log-In'),
	(31, 4, '25-02-2019 / 21:38', 'Log-In'),
	(32, 4, '25-02-2019 / 21:40', 'Log-In'),
	(33, 4, '25-02-2019 / 21:40', 'Log-Out'),
	(34, 1, '25-02-2019 / 21:40', 'Log-In'),
	(35, 4, '25-02-2019 / 21:49', 'Log-In'),
	(36, 4, '25-02-2019 / 21:50', 'Log-In'),
	(37, 4, '25-02-2019 / 21:58', 'Log-In'),
	(38, 4, '25-02-2019 / 21:58', 'Log-Out'),
	(39, 4, '25-02-2019 / 22:01', 'Log-In'),
	(40, 4, '25-02-2019 / 22:03', 'Log-In'),
	(41, 4, '25-02-2019 / 22:04', 'Log-In'),
	(42, 4, '25-02-2019 / 22:07', 'Log-In'),
	(43, 4, '25-02-2019 / 22:08', 'Log-In'),
	(44, 4, '25-02-2019 / 22:08', 'Log-Out'),
	(45, 4, '25-02-2019 / 22:09', 'Log-In'),
	(46, 4, '25-02-2019 / 22:09', 'Log-Out'),
	(47, 4, '25-02-2019 / 22:10', 'Log-In'),
	(48, 4, '25-02-2019 / 22:10', 'Log-Out'),
	(49, 4, '25-02-2019 / 22:14', 'Log-In'),
	(50, 4, '25-02-2019 / 22:14', 'Log-Out'),
	(51, 4, '25-02-2019 / 22:15', 'Log-In'),
	(52, 4, '25-02-2019 / 22:15', 'Log-Out'),
	(53, 1, '25-02-2019 / 22:16', 'Log-In'),
	(54, 1, '25-02-2019 / 22:17', 'Log-Out'),
	(55, 1, '25-02-2019 / 22:17', 'Log-In'),
	(56, 1, '25-02-2019 / 22:18', 'Log-In'),
	(57, 1, '25-02-2019 / 22:18', 'Log-Out'),
	(58, 4, '25-02-2019 / 22:18', 'Log-In'),
	(59, 4, '25-02-2019 / 22:18', 'Log-Out'),
	(60, 4, '25-02-2019 / 22:18', 'Log-In'),
	(61, 4, '25-02-2019 / 22:21', 'Log-In'),
	(62, 4, '25-02-2019 / 22:21', 'Log-Out'),
	(63, 4, '25-02-2019 / 22:21', 'Log-In'),
	(64, 4, '25-02-2019 / 22:21', 'Log-Out'),
	(65, 4, '25-02-2019 / 22:30', 'Log-In'),
	(66, 4, '25-02-2019 / 22:33', 'Log-Out'),
	(67, 1, '25-02-2019 / 22:33', 'Log-In'),
	(68, 1, '25-02-2019 / 22:35', 'Log-Out'),
	(69, 1, '25-02-2019 / 22:35', 'Log-In'),
	(70, 4, '25-02-2019 / 22:39', 'Log-In'),
	(71, 4, '25-02-2019 / 22:39', 'Log-Out'),
	(72, 1, '25-02-2019 / 22:39', 'Log-In'),
	(73, 1, '25-02-2019 / 22:40', 'Log-Out'),
	(74, 4, '25-02-2019 / 22:43', 'Log-In'),
	(75, 4, '25-02-2019 / 22:59', 'Log-In'),
	(76, 4, '25-02-2019 / 23:02', 'Log-Out'),
	(77, 4, '25-02-2019 / 23:11', 'Log-In'),
	(78, 4, '25-02-2019 / 23:12', 'Log-In'),
	(79, 4, '25-02-2019 / 23:13', 'Log-In'),
	(80, 4, '25-02-2019 / 23:13', 'Log-Out'),
	(81, 1, '25-02-2019 / 23:14', 'Log-In'),
	(82, 1, '25-02-2019 / 23:15', 'Log-In'),
	(83, 1, '25-02-2019 / 23:17', 'Log-In'),
	(84, 4, '25-02-2019 / 23:18', 'Log-In'),
	(85, 4, '25-02-2019 / 23:19', 'Log-Out'),
	(86, 1, '25-02-2019 / 23:19', 'Log-In'),
	(87, 4, '25-02-2019 / 23:21', 'Log-In'),
	(88, 4, '25-02-2019 / 23:21', 'Log-Out'),
	(89, 4, '25-02-2019 / 23:22', 'Log-In'),
	(90, 4, '25-02-2019 / 23:23', 'Log-In'),
	(91, 4, '25-02-2019 / 23:24', 'Log-Out'),
	(92, 1, '25-02-2019 / 23:24', 'Log-In'),
	(93, 1, '25-02-2019 / 23:24', 'Log-Out'),
	(94, 1, '25-02-2019 / 23:26', 'Log-In'),
	(95, 1, '25-02-2019 / 23:27', 'Log-In'),
	(96, 1, '25-02-2019 / 23:28', 'Log-In'),
	(97, 1, '25-02-2019 / 23:29', 'Log-In'),
	(98, 4, '25-02-2019 / 23:30', 'Log-In'),
	(99, 4, '25-02-2019 / 23:30', 'Log-In'),
	(100, 4, '25-02-2019 / 23:31', 'Log-Out'),
	(101, 1, '25-02-2019 / 23:31', 'Log-In'),
	(102, 4, '25-02-2019 / 23:31', 'Log-In'),
	(103, 4, '25-02-2019 / 23:32', 'Log-Out'),
	(104, 4, '25-02-2019 / 23:40', 'Log-In'),
	(105, 4, '25-02-2019 / 23:40', 'Log-Out'),
	(106, 1, '25-02-2019 / 23:40', 'Log-In'),
	(107, 1, '25-02-2019 / 23:42', 'Log-In'),
	(108, 1, '25-02-2019 / 23:46', 'Log-In'),
	(109, 1, '26-02-2019 / 00:19', 'Log-In'),
	(110, 4, '26-02-2019 / 00:36', 'Log-In'),
	(111, 4, '26-02-2019 / 00:37', 'Log-Out'),
	(112, 1, '26-02-2019 / 00:37', 'Log-In'),
	(113, 1, '26-02-2019 / 00:43', 'Log-In'),
	(114, 1, '26-02-2019 / 00:55', 'Log-In'),
	(115, 4, '26-02-2019 / 13:29', 'Log-In'),
	(116, 4, '26-02-2019 / 13:29', 'Log-Out'),
	(117, 1, '26-02-2019 / 13:29', 'Log-In'),
	(118, 4, '26-02-2019 / 13:34', 'Log-In'),
	(119, 4, '26-02-2019 / 13:36', 'Log-Out'),
	(120, 3, '26-02-2019 / 13:36', 'Log-In'),
	(121, 3, '26-02-2019 / 13:38', 'Log-In'),
	(122, 3, '26-02-2019 / 13:38', 'Log-Out'),
	(123, 1, '26-02-2019 / 13:38', 'Log-In'),
	(124, 1, '26-02-2019 / 13:41', 'Log-In'),
	(125, 1, '26-02-2019 / 13:47', 'Log-Out'),
	(126, 3, '26-02-2019 / 13:47', 'Log-In'),
	(127, 4, '26-02-2019 / 13:58', 'Log-In'),
	(128, 4, '26-02-2019 / 13:59', 'Log-Out'),
	(129, 4, '26-02-2019 / 14:01', 'Log-In'),
	(130, 4, '26-02-2019 / 14:02', 'Log-Out'),
	(131, 1, '26-02-2019 / 14:02', 'Log-In'),
	(132, 1, '26-02-2019 / 14:03', 'Log-Out'),
	(133, 1, '26-02-2019 / 14:15', 'Log-In'),
	(134, 1, '26-02-2019 / 14:15', 'Log-Out'),
	(135, 4, '26-02-2019 / 14:16', 'Log-In'),
	(136, 4, '26-02-2019 / 14:16', 'Log-Out'),
	(137, 4, '26-02-2019 / 14:24', 'Log-In'),
	(138, 4, '26-02-2019 / 14:24', 'Log-Out'),
	(139, 1, '26-02-2019 / 14:24', 'Log-In'),
	(140, 4, '26-02-2019 / 15:40', 'Log-In'),
	(141, 4, '26-02-2019 / 15:42', 'Log-In'),
	(142, 4, '26-02-2019 / 15:44', 'Log-In'),
	(143, 1, '27-02-2019 / 20:19', 'Log-In'),
	(144, 1, '27-02-2019 / 20:20', 'Log-In'),
	(145, 1, '27-02-2019 / 20:21', 'Log-Out'),
	(146, 4, '27-02-2019 / 20:21', 'Log-In'),
	(147, 4, '27-02-2019 / 20:22', 'Log-Out'),
	(148, 1, '27-02-2019 / 20:22', 'Log-In'),
	(149, 1, '27-02-2019 / 20:23', 'Log-In'),
	(150, 1, '27-02-2019 / 20:24', 'Log-Out'),
	(151, 4, '27-02-2019 / 20:24', 'Log-In'),
	(152, 4, '27-02-2019 / 21:23', 'Log-In'),
	(153, 4, '27-02-2019 / 21:35', 'Log-In'),
	(154, 4, '27-02-2019 / 21:37', 'Log-In'),
	(155, 4, '27-02-2019 / 21:41', 'Log-In'),
	(156, 4, '27-02-2019 / 21:44', 'Log-In'),
	(157, 4, '27-02-2019 / 21:47', 'Log-In'),
	(158, 4, '27-02-2019 / 21:48', 'Log-In'),
	(159, 4, '27-02-2019 / 21:48', 'Log-In'),
	(160, 4, '27-02-2019 / 22:05', 'Log-In'),
	(161, 4, '27-02-2019 / 22:06', 'Log-In'),
	(162, 4, '27-02-2019 / 22:07', 'Log-In'),
	(163, 4, '27-02-2019 / 22:09', 'Log-In'),
	(164, 1, '01-03-2019 / 23:12', 'Log-In'),
	(165, 1, '01-03-2019 / 23:24', 'Log-In'),
	(166, 1, '01-03-2019 / 23:26', 'Log-Out'),
	(167, 4, '01-03-2019 / 23:26', 'Log-In'),
	(168, 1, '01-03-2019 / 23:27', 'Log-In'),
	(169, 1, '01-03-2019 / 23:30', 'Log-Out'),
	(170, 4, '01-03-2019 / 23:31', 'Log-In'),
	(171, 4, '01-03-2019 / 23:41', 'Log-In'),
	(172, 4, '01-03-2019 / 23:48', 'Log-In'),
	(173, 4, '01-03-2019 / 23:57', 'Log-In'),
	(174, 4, '01-03-2019 / 23:58', 'Log-In'),
	(175, 4, '01-03-2019 / 23:59', 'Log-Out'),
	(176, 1, '01-03-2019 / 23:59', 'Log-In'),
	(177, 4, '02-03-2019 / 11:26', 'Log-In'),
	(178, 4, '02-03-2019 / 11:29', 'Log-Out'),
	(179, 1, '02-03-2019 / 11:29', 'Log-In'),
	(180, 4, '02-03-2019 / 14:10', 'Log-In'),
	(181, 4, '02-03-2019 / 14:41', 'Log-In'),
	(182, 4, '02-03-2019 / 14:41', 'Log-Out'),
	(183, 4, '02-03-2019 / 14:41', 'Log-In'),
	(184, 4, '02-03-2019 / 14:41', 'Log-Out'),
	(185, 4, '02-03-2019 / 14:42', 'Log-In'),
	(186, 4, '02-03-2019 / 14:43', 'Log-In'),
	(187, 4, '02-03-2019 / 14:44', 'Log-Out'),
	(188, 4, '02-03-2019 / 14:44', 'Log-In'),
	(189, 4, '02-03-2019 / 14:44', 'Log-In'),
	(190, 4, '02-03-2019 / 15:07', 'Log-In'),
	(191, 4, '02-03-2019 / 15:07', 'Log-Out'),
	(192, 1, '02-03-2019 / 15:08', 'Log-In'),
	(193, 1, '02-03-2019 / 15:19', 'Log-In'),
	(194, 1, '02-03-2019 / 15:35', 'Log-In'),
	(195, 1, '02-03-2019 / 15:36', 'Log-In'),
	(196, 1, '02-03-2019 / 15:47', 'Log-In'),
	(197, 1, '02-03-2019 / 15:53', 'Log-In'),
	(198, 1, '02-03-2019 / 15:57', 'Log-In'),
	(199, 1, '02-03-2019 / 16:16', 'Log-In'),
	(200, 4, '02-03-2019 / 16:27', 'Log-In'),
	(201, 4, '02-03-2019 / 16:29', 'Log-In'),
	(202, 4, '02-03-2019 / 16:33', 'Log-Out'),
	(203, 4, '02-03-2019 / 16:33', 'Log-In'),
	(204, 4, '02-03-2019 / 16:33', 'Log-Out'),
	(205, 1, '02-03-2019 / 16:33', 'Log-In'),
	(206, 4, '02-03-2019 / 20:29', 'Log-In'),
	(207, 4, '02-03-2019 / 20:31', 'Log-In'),
	(208, 4, '02-03-2019 / 20:33', 'Log-In'),
	(209, 4, '02-03-2019 / 20:34', 'Log-In'),
	(210, 4, '02-03-2019 / 21:07', 'Log-In'),
	(211, 4, '02-03-2019 / 21:10', 'Log-In'),
	(212, 4, '02-03-2019 / 21:24', 'Log-In'),
	(213, 4, '02-03-2019 / 21:35', 'Log-In'),
	(214, 4, '02-03-2019 / 21:42', 'Log-In'),
	(215, 4, '02-03-2019 / 21:46', 'Log-In'),
	(216, 4, '02-03-2019 / 21:50', 'Log-In'),
	(217, 4, '02-03-2019 / 22:09', 'Log-In'),
	(218, 4, '02-03-2019 / 22:11', 'Log-In'),
	(219, 4, '02-03-2019 / 22:14', 'Log-In'),
	(220, 4, '02-03-2019 / 22:15', 'Log-In'),
	(221, 4, '02-03-2019 / 22:17', 'Log-In'),
	(222, 4, '02-03-2019 / 22:20', 'Log-In'),
	(223, 4, '02-03-2019 / 22:35', 'Log-In'),
	(224, 4, '02-03-2019 / 22:48', 'Log-In'),
	(225, 4, '02-03-2019 / 22:58', 'Log-In'),
	(226, 4, '02-03-2019 / 23:00', 'Log-In'),
	(227, 1, '02-03-2019 / 23:02', 'Log-In'),
	(228, 4, '02-03-2019 / 23:03', 'Log-In'),
	(229, 4, '02-03-2019 / 23:05', 'Log-In'),
	(230, 4, '02-03-2019 / 23:08', 'Log-In'),
	(231, 4, '02-03-2019 / 23:09', 'Log-In'),
	(232, 4, '02-03-2019 / 23:12', 'Log-In'),
	(233, 4, '02-03-2019 / 23:31', 'Log-In'),
	(234, 4, '02-03-2019 / 23:34', 'Log-In'),
	(235, 4, '02-03-2019 / 23:35', 'Log-In'),
	(236, 4, '02-03-2019 / 23:37', 'Log-In'),
	(237, 4, '02-03-2019 / 23:39', 'Log-In'),
	(238, 4, '02-03-2019 / 23:40', 'Log-In'),
	(239, 1, '02-03-2019 / 23:48', 'Log-In'),
	(240, 4, '02-03-2019 / 23:48', 'Log-In'),
	(241, 4, '02-03-2019 / 23:48', 'Log-Out'),
	(242, 1, '02-03-2019 / 23:49', 'Log-In'),
	(243, 4, '02-03-2019 / 23:52', 'Log-In'),
	(244, 4, '03-03-2019 / 00:00', 'Log-In'),
	(245, 4, '03-03-2019 / 00:02', 'Log-In'),
	(246, 4, '03-03-2019 / 00:05', 'Log-In'),
	(247, 4, '03-03-2019 / 00:05', 'Log-Out'),
	(248, 1, '03-03-2019 / 00:05', 'Log-In'),
	(249, 4, '03-03-2019 / 13:08', 'Log-In'),
	(250, 4, '03-03-2019 / 13:20', 'Log-In'),
	(251, 4, '03-03-2019 / 13:34', 'Log-In'),
	(252, 4, '03-03-2019 / 13:37', 'Log-In'),
	(253, 4, '03-03-2019 / 13:40', 'Log-In'),
	(254, 4, '03-03-2019 / 13:46', 'Log-In'),
	(255, 4, '03-03-2019 / 14:01', 'Log-In'),
	(256, 4, '03-03-2019 / 14:09', 'Log-In'),
	(257, 4, '03-03-2019 / 14:14', 'Log-In'),
	(258, 4, '03-03-2019 / 14:17', 'Log-In'),
	(259, 4, '03-03-2019 / 14:20', 'Log-In'),
	(260, 4, '03-03-2019 / 14:26', 'Log-In'),
	(261, 4, '03-03-2019 / 14:27', 'Log-In'),
	(262, 4, '03-03-2019 / 14:31', 'Log-In'),
	(263, 4, '03-03-2019 / 14:34', 'Log-In'),
	(264, 4, '03-03-2019 / 14:41', 'Log-In'),
	(265, 4, '03-03-2019 / 14:53', 'Log-In'),
	(266, 4, '03-03-2019 / 14:57', 'Log-In'),
	(267, 4, '03-03-2019 / 14:59', 'Log-In'),
	(268, 4, '03-03-2019 / 15:01', 'Log-In'),
	(269, 4, '03-03-2019 / 15:04', 'Log-In'),
	(270, 4, '03-03-2019 / 15:05', 'Log-In'),
	(271, 4, '03-03-2019 / 15:10', 'Log-In'),
	(272, 4, '03-03-2019 / 15:12', 'Log-In'),
	(273, 4, '03-03-2019 / 15:16', 'Log-In'),
	(274, 4, '03-03-2019 / 15:17', 'Log-In'),
	(275, 4, '03-03-2019 / 15:18', 'Log-In'),
	(276, 4, '03-03-2019 / 15:21', 'Log-In'),
	(277, 4, '03-03-2019 / 15:23', 'Log-In'),
	(278, 4, '03-03-2019 / 15:26', 'Log-In'),
	(279, 4, '03-03-2019 / 15:27', 'Log-In'),
	(280, 4, '03-03-2019 / 15:28', 'Log-In'),
	(281, 4, '03-03-2019 / 15:41', 'Log-In'),
	(282, 4, '03-03-2019 / 15:42', 'Log-In'),
	(283, 4, '03-03-2019 / 15:47', 'Log-In'),
	(284, 4, '03-03-2019 / 15:51', 'Log-In'),
	(285, 4, '03-03-2019 / 15:53', 'Log-In'),
	(286, 4, '03-03-2019 / 16:00', 'Log-In'),
	(287, 4, '03-03-2019 / 16:24', 'Log-In'),
	(288, 4, '03-03-2019 / 16:27', 'Log-In'),
	(289, 4, '03-03-2019 / 16:31', 'Log-In'),
	(290, 4, '03-03-2019 / 16:32', 'Log-In'),
	(291, 4, '03-03-2019 / 16:35', 'Log-In'),
	(292, 4, '03-03-2019 / 16:36', 'Log-In'),
	(293, 4, '03-03-2019 / 16:37', 'Log-In'),
	(294, 4, '03-03-2019 / 21:40', 'Log-In'),
	(295, 4, '03-03-2019 / 22:22', 'Log-In'),
	(296, 4, '03-03-2019 / 22:30', 'Log-In'),
	(297, 4, '03-03-2019 / 23:14', 'Log-In'),
	(298, 4, '03-03-2019 / 23:47', 'Log-In'),
	(299, 4, '03-03-2019 / 23:50', 'Log-In'),
	(300, 4, '03-03-2019 / 23:51', 'Log-In'),
	(301, 4, '03-03-2019 / 23:52', 'Log-In'),
	(302, 4, '04-03-2019 / 00:00', 'Log-In'),
	(303, 4, '04-03-2019 / 00:03', 'Log-In'),
	(304, 4, '04-03-2019 / 17:01', 'Log-In'),
	(305, 4, '04-03-2019 / 17:09', 'Log-Out'),
	(306, 4, '04-03-2019 / 20:00', 'Log-In'),
	(307, 4, '04-03-2019 / 20:02', 'Log-In'),
	(308, 4, '04-03-2019 / 20:08', 'Log-In'),
	(309, 4, '04-03-2019 / 20:24', 'Log-In'),
	(310, 4, '04-03-2019 / 20:38', 'Log-In'),
	(311, 4, '04-03-2019 / 20:59', 'Log-In'),
	(312, 4, '04-03-2019 / 21:00', 'Log-Out'),
	(313, 1, '04-03-2019 / 21:01', 'Log-In'),
	(314, 1, '04-03-2019 / 21:03', 'Log-Out'),
	(315, 4, '04-03-2019 / 22:08', 'Log-In'),
	(316, 4, '04-03-2019 / 22:17', 'Log-In'),
	(317, 4, '04-03-2019 / 22:19', 'Log-In'),
	(318, 4, '04-03-2019 / 22:22', 'Log-In'),
	(319, 4, '04-03-2019 / 22:29', 'Log-In');
/*!40000 ALTER TABLE `users_info` ENABLE KEYS */;

/*!40101 SET SQL_MODE=IFNULL(@OLD_SQL_MODE, '') */;
/*!40014 SET FOREIGN_KEY_CHECKS=IF(@OLD_FOREIGN_KEY_CHECKS IS NULL, 1, @OLD_FOREIGN_KEY_CHECKS) */;
/*!40101 SET CHARACTER_SET_CLIENT=@OLD_CHARACTER_SET_CLIENT */;
